Date,Product,Units_Sold,Unit_Price,Total_Revenue
01-06-2025,Pencil,52,5,260
01-06-2025,Pen,43,10,430
01-06-2025,Notebook,31,25,775
01-06-2025,Eraser,39,4,156
01-06-2025,Marker,19,15,285
01-06-2025,Highlighter,15,18,270
01-06-2025,Ruler,18,12,216
01-06-2025,Sharpener,20,8,160
01-06-2025,Stapler,4,60,240
01-06-2025,Glue Stick,9,20,180
01-06-2025,Drawing Sheet Pack,6,40,240
01-06-2025,Geometry Box,4,120,480
02-06-2025,Pencil,75,5,375
02-06-2025,Pen,47,10,470
02-06-2025,Notebook,31,25,775
02-06-2025,Eraser,44,4,176
02-06-2025,Marker,25,15,375
02-06-2025,Highlighter,25,18,450
02-06-2025,Ruler,19,12,228
02-06-2025,Sharpener,21,8,168
02-06-2025,Stapler,9,60,540
02-06-2025,Glue Stick,12,20,240
02-06-2025,Drawing Sheet Pack,10,40,400
02-06-2025,Geometry Box,5,120,600
03-06-2025,Pencil,66,5,330
03-06-2025,Pen,67,10,670
03-06-2025,Notebook,35,25,875
03-06-2025,Eraser,51,4,204
03-06-2025,Marker,27,15,405
03-06-2025,Highlighter,23,18,414
03-06-2025,Ruler,20,12,240
03-06-2025,Sharpener,34,8,272
03-06-2025,Stapler,7,60,420
03-06-2025,Glue Stick,10,20,200
03-06-2025,Drawing Sheet Pack,11,40,440
03-06-2025,Geometry Box,5,120,600
04-06-2025,Pencil,74,5,370
04-06-2025,Pen,47,10,470
04-06-2025,Notebook,34,25,850
04-06-2025,Eraser,49,4,196
04-06-2025,Marker,33,15,495
04-06-2025,Highlighter,25,18,450
04-06-2025,Ruler,21,12,252
04-06-2025,Sharpener,25,8,200
04-06-2025,Stapler,6,60,360
04-06-2025,Glue Stick,11,20,220
04-06-2025,Drawing Sheet Pack,9,40,360
04-06-2025,Geometry Box,7,120,840
05-06-2025,Pencil,76,5,380
05-06-2025,Pen,49,10,490
05-06-2025,Notebook,44,25,1100
05-06-2025,Eraser,45,4,180
05-06-2025,Marker,27,15,405
05-06-2025,Highlighter,26,18,468
05-06-2025,Ruler,25,12,300
05-06-2025,Sharpener,30,8,240
05-06-2025,Stapler,6,60,360
05-06-2025,Glue Stick,11,20,220
05-06-2025,Drawing Sheet Pack,10,40,400
05-06-2025,Geometry Box,7,120,840
06-06-2025,Pencil,67,5,335
06-06-2025,Pen,64,10,640
06-06-2025,Notebook,35,25,875
06-06-2025,Eraser,39,4,156
06-06-2025,Marker,34,15,510
06-06-2025,Highlighter,29,18,522
06-06-2025,Ruler,21,12,252
06-06-2025,Sharpener,30,8,240
06-06-2025,Stapler,8,60,480
06-06-2025,Glue Stick,11,20,220
06-06-2025,Drawing Sheet Pack,10,40,400
06-06-2025,Geometry Box,7,120,840
07-06-2025,Pencil,48,5,240
07-06-2025,Pen,54,10,540
07-06-2025,Notebook,17,25,425
07-06-2025,Eraser,36,4,144
07-06-2025,Marker,20,15,300
07-06-2025,Highlighter,15,18,270
07-06-2025,Ruler,15,12,180
07-06-2025,Sharpener,12,8,96
07-06-2025,Stapler,5,60,300
07-06-2025,Glue Stick,8,20,160
07-06-2025,Drawing Sheet Pack,8,40,320
07-06-2025,Geometry Box,4,120,480
08-06-2025,Pencil,42,5,210
08-06-2025,Pen,41,10,410
08-06-2025,Notebook,32,25,800
08-06-2025,Eraser,34,4,136
08-06-2025,Marker,18,15,270
08-06-2025,Highlighter,17,18,306
08-06-2025,Ruler,15,12,180
08-06-2025,Sharpener,20,8,160
08-06-2025,Stapler,4,60,240
08-06-2025,Glue Stick,8,20,160
08-06-2025,Drawing Sheet Pack,6,40,240
08-06-2025,Geometry Box,3,120,360
09-06-2025,Pencil,75,5,375
09-06-2025,Pen,69,10,690
09-06-2025,Notebook,42,25,1050
09-06-2025,Eraser,46,4,184
09-06-2025,Marker,24,15,360
09-06-2025,Highlighter,22,18,396
09-06-2025,Ruler,20,12,240
09-06-2025,Sharpener,23,8,184
09-06-2025,Stapler,7,60,420
09-06-2025,Glue Stick,13,20,260
09-06-2025,Drawing Sheet Pack,12,40,480
09-06-2025,Geometry Box,6,120,720
10-06-2025,Pencil,75,5,375
10-06-2025,Pen,65,10,650
10-06-2025,Notebook,30,25,750
10-06-2025,Eraser,48,4,192
10-06-2025,Marker,30,15,450
10-06-2025,Highlighter,33,18,594
10-06-2025,Ruler,21,12,252
10-06-2025,Sharpener,28,8,224
10-06-2025,Stapler,7,60,420
10-06-2025,Glue Stick,10,20,200
10-06-2025,Drawing Sheet Pack,11,40,440
10-06-2025,Geometry Box,7,120,840
11-06-2025,Pencil,81,5,405
11-06-2025,Pen,57,10,570
11-06-2025,Notebook,51,25,1275
11-06-2025,Eraser,38,4,152
11-06-2025,Marker,33,15,495
11-06-2025,Highlighter,32,18,576
11-06-2025,Ruler,18,12,216
11-06-2025,Sharpener,24,8,192
11-06-2025,Stapler,7,60,420
11-06-2025,Glue Stick,11,20,220
11-06-2025,Drawing Sheet Pack,7,40,280
11-06-2025,Geometry Box,6,120,720
12-06-2025,Pencil,61,5,305
12-06-2025,Pen,71,10,710
12-06-2025,Notebook,36,25,900
12-06-2025,Eraser,59,4,236
12-06-2025,Marker,26,15,390
12-06-2025,Highlighter,23,18,414
12-06-2025,Ruler,24,12,288
12-06-2025,Sharpener,22,8,176
12-06-2025,Stapler,7,60,420
12-06-2025,Glue Stick,14,20,280
12-06-2025,Drawing Sheet Pack,7,40,280
12-06-2025,Geometry Box,6,120,720
13-06-2025,Pencil,75,5,375
13-06-2025,Pen,74,10,740
13-06-2025,Notebook,34,25,850
13-06-2025,Eraser,38,4,152
13-06-2025,Marker,32,15,480
13-06-2025,Highlighter,25,18,450
13-06-2025,Ruler,22,12,264
13-06-2025,Sharpener,28,8,224
13-06-2025,Stapler,6,60,360
13-06-2025,Glue Stick,12,20,240
13-06-2025,Drawing Sheet Pack,10,40,400
13-06-2025,Geometry Box,5,120,600
14-06-2025,Pencil,61,5,305
14-06-2025,Pen,47,10,470
14-06-2025,Notebook,23,25,575
14-06-2025,Eraser,35,4,140
14-06-2025,Marker,17,15,255
14-06-2025,Highlighter,18,18,324
14-06-2025,Ruler,17,12,204
14-06-2025,Sharpener,15,8,120
14-06-2025,Stapler,5,60,300
14-06-2025,Glue Stick,8,20,160
14-06-2025,Drawing Sheet Pack,7,40,280
14-06-2025,Geometry Box,5,120,600
15-06-2025,Pencil,46,5,230
15-06-2025,Pen,39,10,390
15-06-2025,Notebook,24,25,600
15-06-2025,Eraser,28,4,112
15-06-2025,Marker,20,15,300
15-06-2025,Highlighter,17,18,306
15-06-2025,Ruler,15,12,180
15-06-2025,Sharpener,20,8,160
15-06-2025,Stapler,5,60,300
15-06-2025,Glue Stick,10,20,200
15-06-2025,Drawing Sheet Pack,6,40,240
15-06-2025,Geometry Box,6,120,720
16-06-2025,Pencil,79,5,395
16-06-2025,Pen,58,10,580
16-06-2025,Notebook,35,25,875
16-06-2025,Eraser,51,4,204
16-06-2025,Marker,29,15,435
16-06-2025,Highlighter,27,18,486
16-06-2025,Ruler,23,12,276
16-06-2025,Sharpener,26,8,208
16-06-2025,Stapler,6,60,360
16-06-2025,Glue Stick,9,20,180
16-06-2025,Drawing Sheet Pack,9,40,360
16-06-2025,Geometry Box,7,120,840
17-06-2025,Pencil,74,5,370
17-06-2025,Pen,54,10,540
17-06-2025,Notebook,43,25,1075
17-06-2025,Eraser,51,4,204
17-06-2025,Marker,26,15,390
17-06-2025,Highlighter,25,18,450
17-06-2025,Ruler,22,12,264
17-06-2025,Sharpener,22,8,176
17-06-2025,Stapler,8,60,480
17-06-2025,Glue Stick,13,20,260
17-06-2025,Drawing Sheet Pack,11,40,440
17-06-2025,Geometry Box,7,120,840
18-06-2025,Pencil,57,5,285
18-06-2025,Pen,57,10,570
18-06-2025,Notebook,45,25,1125
18-06-2025,Eraser,52,4,208
18-06-2025,Marker,32,15,480
18-06-2025,Highlighter,38,18,684
18-06-2025,Ruler,23,12,276
18-06-2025,Sharpener,31,8,248
18-06-2025,Stapler,8,60,480
18-06-2025,Glue Stick,13,20,260
18-06-2025,Drawing Sheet Pack,9,40,360
18-06-2025,Geometry Box,7,120,840
19-06-2025,Pencil,64,5,320
19-06-2025,Pen,64,10,640
19-06-2025,Notebook,39,25,975
19-06-2025,Eraser,49,4,196
19-06-2025,Marker,40,15,600
19-06-2025,Highlighter,17,18,306
19-06-2025,Ruler,24,12,288
19-06-2025,Sharpener,20,8,160
19-06-2025,Stapler,7,60,420
19-06-2025,Glue Stick,14,20,280
19-06-2025,Drawing Sheet Pack,10,40,400
19-06-2025,Geometry Box,5,120,600
20-06-2025,Pencil,64,5,320
20-06-2025,Pen,73,10,730
20-06-2025,Notebook,37,25,925
20-06-2025,Eraser,50,4,200
20-06-2025,Marker,30,15,450
20-06-2025,Highlighter,22,18,396
20-06-2025,Ruler,29,12,348
20-06-2025,Sharpener,29,8,232
20-06-2025,Stapler,5,60,300
20-06-2025,Glue Stick,12,20,240
20-06-2025,Drawing Sheet Pack,9,40,360
20-06-2025,Geometry Box,7,120,840
21-06-2025,Pencil,42,5,210
21-06-2025,Pen,43,10,430
21-06-2025,Notebook,30,25,750
21-06-2025,Eraser,36,4,144
21-06-2025,Marker,16,15,240
21-06-2025,Highlighter,15,18,270
21-06-2025,Ruler,13,12,156
21-06-2025,Sharpener,16,8,128
21-06-2025,Stapler,6,60,360
21-06-2025,Glue Stick,8,20,160
21-06-2025,Drawing Sheet Pack,5,40,200
21-06-2025,Geometry Box,5,120,600
22-06-2025,Pencil,63,5,315
22-06-2025,Pen,51,10,510
22-06-2025,Notebook,22,25,550
22-06-2025,Eraser,30,4,120
22-06-2025,Marker,24,15,360
22-06-2025,Highlighter,14,18,252
22-06-2025,Ruler,15,12,180
22-06-2025,Sharpener,20,8,160
22-06-2025,Stapler,4,60,240
22-06-2025,Glue Stick,8,20,160
22-06-2025,Drawing Sheet Pack,3,40,120
22-06-2025,Geometry Box,3,120,360
23-06-2025,Pencil,69,5,345
23-06-2025,Pen,54,10,540
23-06-2025,Notebook,52,25,1300
23-06-2025,Eraser,38,4,152
23-06-2025,Marker,28,15,420
23-06-2025,Highlighter,24,18,432
23-06-2025,Ruler,26,12,312
23-06-2025,Sharpener,21,8,168
23-06-2025,Stapler,8,60,480
23-06-2025,Glue Stick,12,20,240
23-06-2025,Drawing Sheet Pack,8,40,320
23-06-2025,Geometry Box,6,120,720
24-06-2025,Pencil,74,5,370
24-06-2025,Pen,60,10,600
24-06-2025,Notebook,42,25,1050
24-06-2025,Eraser,45,4,180
24-06-2025,Marker,31,15,465
24-06-2025,Highlighter,26,18,468
24-06-2025,Ruler,27,12,324
24-06-2025,Sharpener,21,8,168
24-06-2025,Stapler,10,60,600
24-06-2025,Glue Stick,8,20,160
24-06-2025,Drawing Sheet Pack,9,40,360
24-06-2025,Geometry Box,7,120,840
25-06-2025,Pencil,75,5,375
25-06-2025,Pen,60,10,600
25-06-2025,Notebook,41,25,1025
25-06-2025,Eraser,44,4,176
25-06-2025,Marker,27,15,405
25-06-2025,Highlighter,27,18,486
25-06-2025,Ruler,23,12,276
25-06-2025,Sharpener,24,8,192
25-06-2025,Stapler,8,60,480
25-06-2025,Glue Stick,13,20,260
25-06-2025,Drawing Sheet Pack,11,40,440
25-06-2025,Geometry Box,7,120,840
26-06-2025,Pencil,63,5,315
26-06-2025,Pen,60,10,600
26-06-2025,Notebook,47,25,1175
26-06-2025,Eraser,52,4,208
26-06-2025,Marker,30,15,450
26-06-2025,Highlighter,24,18,432
26-06-2025,Ruler,26,12,312
26-06-2025,Sharpener,24,8,192
26-06-2025,Stapler,8,60,480
26-06-2025,Glue Stick,12,20,240
26-06-2025,Drawing Sheet Pack,9,40,360
26-06-2025,Geometry Box,7,120,840
27-06-2025,Pencil,81,5,405
27-06-2025,Pen,74,10,740
27-06-2025,Notebook,50,25,1250
27-06-2025,Eraser,48,4,192
27-06-2025,Marker,33,15,495
27-06-2025,Highlighter,23,18,414
27-06-2025,Ruler,23,12,276
27-06-2025,Sharpener,26,8,208
27-06-2025,Stapler,7,60,420
27-06-2025,Glue Stick,13,20,260
27-06-2025,Drawing Sheet Pack,8,40,320
27-06-2025,Geometry Box,8,120,960
28-06-2025,Pencil,41,5,205
28-06-2025,Pen,36,10,360
28-06-2025,Notebook,33,25,825
28-06-2025,Eraser,36,4,144
28-06-2025,Marker,22,15,330
28-06-2025,Highlighter,18,18,324
28-06-2025,Ruler,14,12,168
28-06-2025,Sharpener,15,8,120
28-06-2025,Stapler,5,60,300
28-06-2025,Glue Stick,7,20,140
28-06-2025,Drawing Sheet Pack,7,40,280
28-06-2025,Geometry Box,4,120,480
29-06-2025,Pencil,42,5,210
29-06-2025,Pen,42,10,420
29-06-2025,Notebook,30,25,750
29-06-2025,Eraser,29,4,116
29-06-2025,Marker,18,15,270
29-06-2025,Highlighter,17,18,306
29-06-2025,Ruler,15,12,180
29-06-2025,Sharpener,16,8,128
29-06-2025,Stapler,4,60,240
29-06-2025,Glue Stick,8,20,160
29-06-2025,Drawing Sheet Pack,5,40,200
29-06-2025,Geometry Box,3,120,360
30-06-2025,Pencil,64,5,320
30-06-2025,Pen,64,10,640
30-06-2025,Notebook,44,25,1100
30-06-2025,Eraser,59,4,236
30-06-2025,Marker,34,15,510
30-06-2025,Highlighter,23,18,414
30-06-2025,Ruler,22,12,264
30-06-2025,Sharpener,22,8,176
30-06-2025,Stapler,7,60,420
30-06-2025,Glue Stick,11,20,220
30-06-2025,Drawing Sheet Pack,10,40,400
30-06-2025,Geometry Box,5,120,600
01-07-2025,Pencil,101,5,505
01-07-2025,Pen,106,10,1060
01-07-2025,Notebook,54,25,1350
01-07-2025,Eraser,66,4,264
01-07-2025,Marker,43,15,645
01-07-2025,Highlighter,29,18,522
01-07-2025,Ruler,29,12,348
01-07-2025,Sharpener,34,8,272
01-07-2025,Stapler,9,60,540
01-07-2025,Glue Stick,14,20,280
01-07-2025,Drawing Sheet Pack,13,40,520
01-07-2025,Geometry Box,8,120,960
02-07-2025,Pencil,114,5,570
02-07-2025,Pen,98,10,980
02-07-2025,Notebook,72,25,1800
02-07-2025,Eraser,55,4,220
02-07-2025,Marker,44,15,660
02-07-2025,Highlighter,32,18,576
02-07-2025,Ruler,37,12,444
02-07-2025,Sharpener,30,8,240
02-07-2025,Stapler,8,60,480
02-07-2025,Glue Stick,14,20,280
02-07-2025,Drawing Sheet Pack,9,40,360
02-07-2025,Geometry Box,7,120,840
03-07-2025,Pencil,83,5,415
03-07-2025,Pen,88,10,880
03-07-2025,Notebook,57,25,1425
03-07-2025,Eraser,80,4,320
03-07-2025,Marker,45,15,675
03-07-2025,Highlighter,29,18,522
03-07-2025,Ruler,24,12,288
03-07-2025,Sharpener,37,8,296
03-07-2025,Stapler,8,60,480
03-07-2025,Glue Stick,20,20,400
03-07-2025,Drawing Sheet Pack,15,40,600
03-07-2025,Geometry Box,7,120,840
04-07-2025,Pencil,70,5,350
04-07-2025,Pen,103,10,1030
04-07-2025,Notebook,54,25,1350
04-07-2025,Eraser,74,4,296
04-07-2025,Marker,30,15,450
04-07-2025,Highlighter,28,18,504
04-07-2025,Ruler,28,12,336
04-07-2025,Sharpener,35,8,280
04-07-2025,Stapler,9,60,540
04-07-2025,Glue Stick,17,20,340
04-07-2025,Drawing Sheet Pack,10,40,400
04-07-2025,Geometry Box,8,120,960
05-07-2025,Pencil,64,5,320
05-07-2025,Pen,62,10,620
05-07-2025,Notebook,40,25,1000
05-07-2025,Eraser,35,4,140
05-07-2025,Marker,20,15,300
05-07-2025,Highlighter,25,18,450
05-07-2025,Ruler,20,12,240
05-07-2025,Sharpener,20,8,160
05-07-2025,Stapler,8,60,480
05-07-2025,Glue Stick,11,20,220
05-07-2025,Drawing Sheet Pack,10,40,400
05-07-2025,Geometry Box,5,120,600
06-07-2025,Pencil,82,5,410
06-07-2025,Pen,72,10,720
06-07-2025,Notebook,35,25,875
06-07-2025,Eraser,48,4,192
06-07-2025,Marker,29,15,435
06-07-2025,Highlighter,25,18,450
06-07-2025,Ruler,16,12,192
06-07-2025,Sharpener,25,8,200
06-07-2025,Stapler,7,60,420
06-07-2025,Glue Stick,8,20,160
06-07-2025,Drawing Sheet Pack,7,40,280
06-07-2025,Geometry Box,4,120,480
07-07-2025,Pencil,90,5,450
07-07-2025,Pen,95,10,950
07-07-2025,Notebook,67,25,1675
07-07-2025,Eraser,63,4,252
07-07-2025,Marker,49,15,735
07-07-2025,Highlighter,25,18,450
07-07-2025,Ruler,21,12,252
07-07-2025,Sharpener,34,8,272
07-07-2025,Stapler,10,60,600
07-07-2025,Glue Stick,16,20,320
07-07-2025,Drawing Sheet Pack,9,40,360
07-07-2025,Geometry Box,8,120,960
08-07-2025,Pencil,75,5,375
08-07-2025,Pen,94,10,940
08-07-2025,Notebook,58,25,1450
08-07-2025,Eraser,54,4,216
08-07-2025,Marker,36,15,540
08-07-2025,Highlighter,26,18,468
08-07-2025,Ruler,28,12,336
08-07-2025,Sharpener,39,8,312
08-07-2025,Stapler,8,60,480
08-07-2025,Glue Stick,17,20,340
08-07-2025,Drawing Sheet Pack,11,40,440
08-07-2025,Geometry Box,7,120,840
09-07-2025,Pencil,92,5,460
09-07-2025,Pen,72,10,720
09-07-2025,Notebook,50,25,1250
09-07-2025,Eraser,51,4,204
09-07-2025,Marker,50,15,750
09-07-2025,Highlighter,31,18,558
09-07-2025,Ruler,25,12,300
09-07-2025,Sharpener,35,8,280
09-07-2025,Stapler,9,60,540
09-07-2025,Glue Stick,15,20,300
09-07-2025,Drawing Sheet Pack,14,40,560
09-07-2025,Geometry Box,9,120,1080
10-07-2025,Pencil,86,5,430
10-07-2025,Pen,78,10,780
10-07-2025,Notebook,52,25,1300
10-07-2025,Eraser,41,4,164
10-07-2025,Marker,30,15,450
10-07-2025,Highlighter,38,18,684
10-07-2025,Ruler,35,12,420
10-07-2025,Sharpener,33,8,264
10-07-2025,Stapler,10,60,600
10-07-2025,Glue Stick,16,20,320
10-07-2025,Drawing Sheet Pack,18,40,720
10-07-2025,Geometry Box,9,120,1080
11-07-2025,Pencil,92,5,460
11-07-2025,Pen,74,10,740
11-07-2025,Notebook,41,25,1025
11-07-2025,Eraser,64,4,256
11-07-2025,Marker,35,15,525
11-07-2025,Highlighter,25,18,450
11-07-2025,Ruler,25,12,300
11-07-2025,Sharpener,29,8,232
11-07-2025,Stapler,12,60,720
11-07-2025,Glue Stick,18,20,360
11-07-2025,Drawing Sheet Pack,12,40,480
11-07-2025,Geometry Box,10,120,1200
12-07-2025,Pencil,63,5,315
12-07-2025,Pen,50,10,500
12-07-2025,Notebook,45,25,1125
12-07-2025,Eraser,45,4,180
12-07-2025,Marker,22,15,330
12-07-2025,Highlighter,20,18,360
12-07-2025,Ruler,16,12,192
12-07-2025,Sharpener,18,8,144
12-07-2025,Stapler,7,60,420
12-07-2025,Glue Stick,13,20,260
12-07-2025,Drawing Sheet Pack,7,40,280
12-07-2025,Geometry Box,6,120,720
13-07-2025,Pencil,56,5,280
13-07-2025,Pen,53,10,530
13-07-2025,Notebook,33,25,825
13-07-2025,Eraser,36,4,144
13-07-2025,Marker,26,15,390
13-07-2025,Highlighter,18,18,324
13-07-2025,Ruler,19,12,228
13-07-2025,Sharpener,23,8,184
13-07-2025,Stapler,6,60,360
13-07-2025,Glue Stick,9,20,180
13-07-2025,Drawing Sheet Pack,8,40,320
13-07-2025,Geometry Box,6,120,720
14-07-2025,Pencil,101,5,505
14-07-2025,Pen,73,10,730
14-07-2025,Notebook,55,25,1375
14-07-2025,Eraser,69,4,276
14-07-2025,Marker,29,15,435
14-07-2025,Highlighter,34,18,612
14-07-2025,Ruler,25,12,300
14-07-2025,Sharpener,37,8,296
14-07-2025,Stapler,8,60,480
14-07-2025,Glue Stick,11,20,220
14-07-2025,Drawing Sheet Pack,9,40,360
14-07-2025,Geometry Box,8,120,960
15-07-2025,Pencil,97,5,485
15-07-2025,Pen,74,10,740
15-07-2025,Notebook,60,25,1500
15-07-2025,Eraser,47,4,188
15-07-2025,Marker,39,15,585
15-07-2025,Highlighter,26,18,468
15-07-2025,Ruler,25,12,300
15-07-2025,Sharpener,35,8,280
15-07-2025,Stapler,8,60,480
15-07-2025,Glue Stick,15,20,300
15-07-2025,Drawing Sheet Pack,14,40,560
15-07-2025,Geometry Box,7,120,840
16-07-2025,Pencil,105,5,525
16-07-2025,Pen,71,10,710
16-07-2025,Notebook,59,25,1475
16-07-2025,Eraser,76,4,304
16-07-2025,Marker,25,15,375
16-07-2025,Highlighter,27,18,486
16-07-2025,Ruler,31,12,372
16-07-2025,Sharpener,33,8,264
16-07-2025,Stapler,10,60,600
16-07-2025,Glue Stick,14,20,280
16-07-2025,Drawing Sheet Pack,13,40,520
16-07-2025,Geometry Box,8,120,960
17-07-2025,Pencil,110,5,550
17-07-2025,Pen,89,10,890
17-07-2025,Notebook,57,25,1425
17-07-2025,Eraser,59,4,236
17-07-2025,Marker,36,15,540
17-07-2025,Highlighter,29,18,522
17-07-2025,Ruler,30,12,360
17-07-2025,Sharpener,32,8,256
17-07-2025,Stapler,10,60,600
17-07-2025,Glue Stick,20,20,400
17-07-2025,Drawing Sheet Pack,14,40,560
17-07-2025,Geometry Box,7,120,840
18-07-2025,Pencil,110,5,550
18-07-2025,Pen,81,10,810
18-07-2025,Notebook,38,25,950
18-07-2025,Eraser,53,4,212
18-07-2025,Marker,28,15,420
18-07-2025,Highlighter,30,18,540
18-07-2025,Ruler,28,12,336
18-07-2025,Sharpener,43,8,344
18-07-2025,Stapler,10,60,600
18-07-2025,Glue Stick,15,20,300
18-07-2025,Drawing Sheet Pack,14,40,560
18-07-2025,Geometry Box,5,120,600
19-07-2025,Pencil,65,5,325
19-07-2025,Pen,64,10,640
19-07-2025,Notebook,28,25,700
19-07-2025,Eraser,49,4,196
19-07-2025,Marker,27,15,405
19-07-2025,Highlighter,20,18,360
19-07-2025,Ruler,20,12,240
19-07-2025,Sharpener,31,8,248
19-07-2025,Stapler,6,60,360
19-07-2025,Glue Stick,11,20,220
19-07-2025,Drawing Sheet Pack,8,40,320
19-07-2025,Geometry Box,5,120,600
20-07-2025,Pencil,70,5,350
20-07-2025,Pen,50,10,500
20-07-2025,Notebook,37,25,925
20-07-2025,Eraser,39,4,156
20-07-2025,Marker,28,15,420
20-07-2025,Highlighter,22,18,396
20-07-2025,Ruler,22,12,264
20-07-2025,Sharpener,21,8,168
20-07-2025,Stapler,6,60,360
20-07-2025,Glue Stick,9,20,180
20-07-2025,Drawing Sheet Pack,8,40,320
20-07-2025,Geometry Box,5,120,600
21-07-2025,Pencil,104,5,520
21-07-2025,Pen,74,10,740
21-07-2025,Notebook,62,25,1550
21-07-2025,Eraser,75,4,300
21-07-2025,Marker,41,15,615
21-07-2025,Highlighter,40,18,720
21-07-2025,Ruler,25,12,300
21-07-2025,Sharpener,28,8,224
21-07-2025,Stapler,7,60,420
21-07-2025,Glue Stick,19,20,380
21-07-2025,Drawing Sheet Pack,14,40,560
21-07-2025,Geometry Box,8,120,960
22-07-2025,Pencil,98,5,490
22-07-2025,Pen,71,10,710
22-07-2025,Notebook,75,25,1875
22-07-2025,Eraser,64,4,256
22-07-2025,Marker,40,15,600
22-07-2025,Highlighter,35,18,630
22-07-2025,Ruler,30,12,360
22-07-2025,Sharpener,35,8,280
22-07-2025,Stapler,8,60,480
22-07-2025,Glue Stick,17,20,340
22-07-2025,Drawing Sheet Pack,16,40,640
22-07-2025,Geometry Box,9,120,1080
23-07-2025,Pencil,116,5,580
23-07-2025,Pen,79,10,790
23-07-2025,Notebook,46,25,1150
23-07-2025,Eraser,61,4,244
23-07-2025,Marker,39,15,585
23-07-2025,Highlighter,36,18,648
23-07-2025,Ruler,21,12,252
23-07-2025,Sharpener,42,8,336
23-07-2025,Stapler,9,60,540
23-07-2025,Glue Stick,15,20,300
23-07-2025,Drawing Sheet Pack,11,40,440
23-07-2025,Geometry Box,6,120,720
24-07-2025,Pencil,105,5,525
24-07-2025,Pen,87,10,870
24-07-2025,Notebook,44,25,1100
24-07-2025,Eraser,50,4,200
24-07-2025,Marker,37,15,555
24-07-2025,Highlighter,39,18,702
24-07-2025,Ruler,27,12,324
24-07-2025,Sharpener,27,8,216
24-07-2025,Stapler,9,60,540
24-07-2025,Glue Stick,15,20,300
24-07-2025,Drawing Sheet Pack,7,40,280
24-07-2025,Geometry Box,8,120,960
25-07-2025,Pencil,90,5,450
25-07-2025,Pen,95,10,950
25-07-2025,Notebook,70,25,1750
25-07-2025,Eraser,73,4,292
25-07-2025,Marker,37,15,555
25-07-2025,Highlighter,26,18,468
25-07-2025,Ruler,39,12,468
25-07-2025,Sharpener,35,8,280
25-07-2025,Stapler,9,60,540
25-07-2025,Glue Stick,16,20,320
25-07-2025,Drawing Sheet Pack,13,40,520
25-07-2025,Geometry Box,8,120,960
26-07-2025,Pencil,57,5,285
26-07-2025,Pen,53,10,530
26-07-2025,Notebook,36,25,900
26-07-2025,Eraser,38,4,152
26-07-2025,Marker,23,15,345
26-07-2025,Highlighter,21,18,378
26-07-2025,Ruler,18,12,216
26-07-2025,Sharpener,28,8,224
26-07-2025,Stapler,4,60,240
26-07-2025,Glue Stick,12,20,240
26-07-2025,Drawing Sheet Pack,10,40,400
26-07-2025,Geometry Box,4,120,480
27-07-2025,Pencil,59,5,295
27-07-2025,Pen,54,10,540
27-07-2025,Notebook,29,25,725
27-07-2025,Eraser,37,4,148
27-07-2025,Marker,22,15,330
27-07-2025,Highlighter,26,18,468
27-07-2025,Ruler,21,12,252
27-07-2025,Sharpener,27,8,216
27-07-2025,Stapler,7,60,420
27-07-2025,Glue Stick,9,20,180
27-07-2025,Drawing Sheet Pack,8,40,320
27-07-2025,Geometry Box,6,120,720
28-07-2025,Pencil,76,5,380
28-07-2025,Pen,95,10,950
28-07-2025,Notebook,53,25,1325
28-07-2025,Eraser,59,4,236
28-07-2025,Marker,43,15,645
28-07-2025,Highlighter,33,18,594
28-07-2025,Ruler,27,12,324
28-07-2025,Sharpener,40,8,320
28-07-2025,Stapler,8,60,480
28-07-2025,Glue Stick,17,20,340
28-07-2025,Drawing Sheet Pack,14,40,560
28-07-2025,Geometry Box,7,120,840
29-07-2025,Pencil,98,5,490
29-07-2025,Pen,70,10,700
29-07-2025,Notebook,62,25,1550
29-07-2025,Eraser,61,4,244
29-07-2025,Marker,36,15,540
29-07-2025,Highlighter,36,18,648
29-07-2025,Ruler,25,12,300
29-07-2025,Sharpener,27,8,216
29-07-2025,Stapler,7,60,420
29-07-2025,Glue Stick,17,20,340
29-07-2025,Drawing Sheet Pack,10,40,400
29-07-2025,Geometry Box,10,120,1200
30-07-2025,Pencil,64,5,320
30-07-2025,Pen,108,10,1080
30-07-2025,Notebook,56,25,1400
30-07-2025,Eraser,61,4,244
30-07-2025,Marker,36,15,540
30-07-2025,Highlighter,33,18,594
30-07-2025,Ruler,28,12,336
30-07-2025,Sharpener,40,8,320
30-07-2025,Stapler,10,60,600
30-07-2025,Glue Stick,16,20,320
30-07-2025,Drawing Sheet Pack,12,40,480
30-07-2025,Geometry Box,8,120,960
31-07-2025,Pencil,98,5,490
31-07-2025,Pen,64,10,640
31-07-2025,Notebook,44,25,1100
31-07-2025,Eraser,69,4,276
31-07-2025,Marker,40,15,600
31-07-2025,Highlighter,30,18,540
31-07-2025,Ruler,28,12,336
31-07-2025,Sharpener,36,8,288
31-07-2025,Stapler,9,60,540
31-07-2025,Glue Stick,14,20,280
31-07-2025,Drawing Sheet Pack,13,40,520
31-07-2025,Geometry Box,7,120,840
01-08-2025,Pencil,76,5,380
01-08-2025,Pen,49,10,490
01-08-2025,Notebook,48,25,1200
01-08-2025,Eraser,51,4,204
01-08-2025,Marker,31,15,465
01-08-2025,Highlighter,28,18,504
01-08-2025,Ruler,27,12,324
01-08-2025,Sharpener,30,8,240
01-08-2025,Stapler,5,60,300
01-08-2025,Glue Stick,10,20,200
01-08-2025,Drawing Sheet Pack,9,40,360
01-08-2025,Geometry Box,6,120,720
02-08-2025,Pencil,52,5,260
02-08-2025,Pen,39,10,390
02-08-2025,Notebook,29,25,725
02-08-2025,Eraser,28,4,112
02-08-2025,Marker,18,15,270
02-08-2025,Highlighter,13,18,234
02-08-2025,Ruler,12,12,144
02-08-2025,Sharpener,14,8,112
02-08-2025,Stapler,4,60,240
02-08-2025,Glue Stick,9,20,180
02-08-2025,Drawing Sheet Pack,5,40,200
02-08-2025,Geometry Box,6,120,720
03-08-2025,Pencil,52,5,260
03-08-2025,Pen,45,10,450
03-08-2025,Notebook,24,25,600
03-08-2025,Eraser,35,4,140
03-08-2025,Marker,18,15,270
03-08-2025,Highlighter,16,18,288
03-08-2025,Ruler,20,12,240
03-08-2025,Sharpener,17,8,136
03-08-2025,Stapler,6,60,360
03-08-2025,Glue Stick,7,20,140
03-08-2025,Drawing Sheet Pack,6,40,240
03-08-2025,Geometry Box,5,120,600
04-08-2025,Pencil,65,5,325
04-08-2025,Pen,84,10,840
04-08-2025,Notebook,46,25,1150
04-08-2025,Eraser,44,4,176
04-08-2025,Marker,33,15,495
04-08-2025,Highlighter,28,18,504
04-08-2025,Ruler,24,12,288
04-08-2025,Sharpener,20,8,160
04-08-2025,Stapler,6,60,360
04-08-2025,Glue Stick,12,20,240
04-08-2025,Drawing Sheet Pack,9,40,360
04-08-2025,Geometry Box,7,120,840
05-08-2025,Pencil,74,5,370
05-08-2025,Pen,53,10,530
05-08-2025,Notebook,44,25,1100
05-08-2025,Eraser,52,4,208
05-08-2025,Marker,33,15,495
05-08-2025,Highlighter,28,18,504
05-08-2025,Ruler,24,12,288
05-08-2025,Sharpener,28,8,224
05-08-2025,Stapler,7,60,420
05-08-2025,Glue Stick,9,20,180
05-08-2025,Drawing Sheet Pack,10,40,400
05-08-2025,Geometry Box,6,120,720
06-08-2025,Pencil,75,5,375
06-08-2025,Pen,53,10,530
06-08-2025,Notebook,35,25,875
06-08-2025,Eraser,56,4,224
06-08-2025,Marker,30,15,450
06-08-2025,Highlighter,26,18,468
06-08-2025,Ruler,22,12,264
06-08-2025,Sharpener,27,8,216
06-08-2025,Stapler,8,60,480
06-08-2025,Glue Stick,11,20,220
06-08-2025,Drawing Sheet Pack,10,40,400
06-08-2025,Geometry Box,6,120,720
07-08-2025,Pencil,67,5,335
07-08-2025,Pen,63,10,630
07-08-2025,Notebook,43,25,1075
07-08-2025,Eraser,45,4,180
07-08-2025,Marker,36,15,540
07-08-2025,Highlighter,21,18,378
07-08-2025,Ruler,21,12,252
07-08-2025,Sharpener,25,8,200
07-08-2025,Stapler,9,60,540
07-08-2025,Glue Stick,12,20,240
07-08-2025,Drawing Sheet Pack,11,40,440
07-08-2025,Geometry Box,5,120,600
08-08-2025,Pencil,75,5,375
08-08-2025,Pen,75,10,750
08-08-2025,Notebook,43,25,1075
08-08-2025,Eraser,56,4,224
08-08-2025,Marker,28,15,420
08-08-2025,Highlighter,29,18,522
08-08-2025,Ruler,29,12,348
08-08-2025,Sharpener,25,8,200
08-08-2025,Stapler,7,60,420
08-08-2025,Glue Stick,15,20,300
08-08-2025,Drawing Sheet Pack,12,40,480
08-08-2025,Geometry Box,6,120,720
09-08-2025,Pencil,45,5,225
09-08-2025,Pen,42,10,420
09-08-2025,Notebook,22,25,550
09-08-2025,Eraser,28,4,112
09-08-2025,Marker,17,15,255
09-08-2025,Highlighter,14,18,252
09-08-2025,Ruler,14,12,168
09-08-2025,Sharpener,18,8,144
09-08-2025,Stapler,6,60,360
09-08-2025,Glue Stick,7,20,140
09-08-2025,Drawing Sheet Pack,7,40,280
09-08-2025,Geometry Box,4,120,480
10-08-2025,Pencil,48,5,240
10-08-2025,Pen,48,10,480
10-08-2025,Notebook,23,25,575
10-08-2025,Eraser,34,4,136
10-08-2025,Marker,20,15,300
10-08-2025,Highlighter,17,18,306
10-08-2025,Ruler,15,12,180
10-08-2025,Sharpener,24,8,192
10-08-2025,Stapler,4,60,240
10-08-2025,Glue Stick,7,20,140
10-08-2025,Drawing Sheet Pack,6,40,240
10-08-2025,Geometry Box,4,120,480
11-08-2025,Pencil,65,5,325
11-08-2025,Pen,78,10,780
11-08-2025,Notebook,51,25,1275
11-08-2025,Eraser,44,4,176
11-08-2025,Marker,26,15,390
11-08-2025,Highlighter,26,18,468
11-08-2025,Ruler,20,12,240
11-08-2025,Sharpener,29,8,232
11-08-2025,Stapler,7,60,420
11-08-2025,Glue Stick,9,20,180
11-08-2025,Drawing Sheet Pack,12,40,480
11-08-2025,Geometry Box,8,120,960
12-08-2025,Pencil,65,5,325
12-08-2025,Pen,62,10,620
12-08-2025,Notebook,44,25,1100
12-08-2025,Eraser,50,4,200
12-08-2025,Marker,33,15,495
12-08-2025,Highlighter,31,18,558
12-08-2025,Ruler,21,12,252
12-08-2025,Sharpener,23,8,184
12-08-2025,Stapler,6,60,360
12-08-2025,Glue Stick,11,20,220
12-08-2025,Drawing Sheet Pack,10,40,400
12-08-2025,Geometry Box,8,120,960
13-08-2025,Pencil,66,5,330
13-08-2025,Pen,68,10,680
13-08-2025,Notebook,42,25,1050
13-08-2025,Eraser,57,4,228
13-08-2025,Marker,41,15,615
13-08-2025,Highlighter,22,18,396
13-08-2025,Ruler,20,12,240
13-08-2025,Sharpener,31,8,248
13-08-2025,Stapler,8,60,480
13-08-2025,Glue Stick,15,20,300
13-08-2025,Drawing Sheet Pack,10,40,400
13-08-2025,Geometry Box,6,120,720
14-08-2025,Pencil,78,5,390
14-08-2025,Pen,77,10,770
14-08-2025,Notebook,47,25,1175
14-08-2025,Eraser,52,4,208
14-08-2025,Marker,35,15,525
14-08-2025,Highlighter,28,18,504
14-08-2025,Ruler,26,12,312
14-08-2025,Sharpener,29,8,232
14-08-2025,Stapler,7,60,420
14-08-2025,Glue Stick,12,20,240
14-08-2025,Drawing Sheet Pack,11,40,440
14-08-2025,Geometry Box,5,120,600
15-08-2025,Pencil,76,5,380
15-08-2025,Pen,62,10,620
15-08-2025,Notebook,42,25,1050
15-08-2025,Eraser,57,4,228
15-08-2025,Marker,31,15,465
15-08-2025,Highlighter,24,18,432
15-08-2025,Ruler,17,12,204
15-08-2025,Sharpener,29,8,232
15-08-2025,Stapler,8,60,480
15-08-2025,Glue Stick,16,20,320
15-08-2025,Drawing Sheet Pack,9,40,360
15-08-2025,Geometry Box,6,120,720
,,,,
,,,Total_Revenue,418611
